{
    "questions" : [
        { 
            "question": "Vilken målarfärg är det som kan ta upp till 12 månader (eller mer) att torka rakt igenom?", 
            "options": ["Akrylfärg", "Akvarellfärg", "Oljefärg"], 
            "answer": 2 
        },
        {
            "question": "Vilken färg får du om du blandar rött och blått?",
            "options": ["Brun", "Lila", "Turkost"],
            "answer": 1
        },
        {
            "question": "Vad använder man för att blanda ut oljefärg?",
            "options": ["Olja", "Alkohol", "Vatten"],
            "answer": 0
        },
        {
            "question": "Vilken målarfärg är svår att måla lager på lager med då den inte har ett heltäckande resultat?",
            "options": ["Akvarellfärg/Vattenfärg", "Akrylfärg", "Oljefärg"],
            "answer": 0
        },
        {
            "question": "Vilka är de traditionella primärfärgerna?",
            "options": ["Röd, Grön, Blå", "Röd, Blå, Gul", "Cyan, Magenta, Gul, Svart"],
            "answer": 2
        }
    ]
}